{
  "summary": {
    "total_tasks": 100,
    "successful_tasks": 0,
    "failed_tasks": 100,
    "success_rate": 0.0,
    "avg_overall_score": 0.0,
    "avg_quality_score": 0.0,
    "avg_efficiency_score": 0.0,
    "avg_harmony_score": 0.0,
    "avg_duration_seconds": 0.00773332,
    "total_duration_seconds": 0.773332,
    "min_duration": 0.004216,
    "max_duration": 0.026258
  },
  "category_breakdown": {
    "coding_easy": {
      "total": 5,
      "success": 0,
      "avg_quality": [
        0.0,
        0.0,
        0.0,
        0.0,
        0.0
      ],
      "avg_duration": [
        0.026258,
        0.005707,
        0.00554,
        0.00529,
        0.004606
      ],
      "success_rate": 0.0,
      "avg_quality_score": 0.0,
      "avg_duration_seconds": 0.0094802
    },
    "coding_medium": {
      "total": 10,
      "success": 0,
      "avg_quality": [
        0.0,
        0.0,
        0.0,
        0.0,
        0.0,
        0.0,
        0.0,
        0.0,
        0.0,
        0.0
      ],
      "avg_duration": [
        0.016556,
        0.009869,
        0.005976,
        0.00719,
        0.00678,
        0.010343,
        0.00879,
        0.00722,
        0.00653,
        0.004559
      ],
      "success_rate": 0.0,
      "avg_quality_score": 0.0,
      "avg_duration_seconds": 0.008381299999999998
    },
    "coding_hard": {
      "total": 10,
      "success": 0,
      "avg_quality": [
        0.0,
        0.0,
        0.0,
        0.0,
        0.0,
        0.0,
        0.0,
        0.0,
        0.0,
        0.0
      ],
      "avg_duration": [
        0.016378,
        0.009267,
        0.007764,
        0.007079,
        0.006458,
        0.01135,
        0.008445,
        0.007537,
        0.007031,
        0.006851
      ],
      "success_rate": 0.0,
      "avg_quality_score": 0.0,
      "avg_duration_seconds": 0.008816000000000001
    },
    "debugging": {
      "total": 15,
      "success": 0,
      "avg_quality": [
        0.0,
        0.0,
        0.0,
        0.0,
        0.0,
        0.0,
        0.0,
        0.0,
        0.0,
        0.0,
        0.0,
        0.0,
        0.0,
        0.0,
        0.0
      ],
      "avg_duration": [
        0.00969,
        0.007085,
        0.006046,
        0.005461,
        0.005223,
        0.007971,
        0.006442,
        0.005692,
        0.005225,
        0.004868,
        0.012578,
        0.007669,
        0.006281,
        0.005887,
        0.005253
      ],
      "success_rate": 0.0,
      "avg_quality_score": 0.0,
      "avg_duration_seconds": 0.006758066666666667
    },
    "architecture": {
      "total": 15,
      "success": 0,
      "avg_quality": [
        0.0,
        0.0,
        0.0,
        0.0,
        0.0,
        0.0,
        0.0,
        0.0,
        0.0,
        0.0,
        0.0,
        0.0,
        0.0,
        0.0,
        0.0
      ],
      "avg_duration": [
        0.013712,
        0.008581,
        0.006257,
        0.005795,
        0.005205,
        0.008131,
        0.0067,
        0.005924,
        0.005283,
        0.004924,
        0.007114,
        0.005882,
        0.005844,
        0.005347,
        0.00456
      ],
      "success_rate": 0.0,
      "avg_quality_score": 0.0,
      "avg_duration_seconds": 0.006617266666666666
    },
    "data_processing": {
      "total": 15,
      "success": 0,
      "avg_quality": [
        0.0,
        0.0,
        0.0,
        0.0,
        0.0,
        0.0,
        0.0,
        0.0,
        0.0,
        0.0,
        0.0,
        0.0,
        0.0,
        0.0,
        0.0
      ],
      "avg_duration": [
        0.012018,
        0.007006,
        0.007892,
        0.006946,
        0.006659,
        0.007542,
        0.006771,
        0.006168,
        0.004448,
        0.004216,
        0.014917,
        0.009455,
        0.008034,
        0.007568,
        0.00491
      ],
      "success_rate": 0.0,
      "avg_quality_score": 0.0,
      "avg_duration_seconds": 0.007636666666666667
    },
    "optimization": {
      "total": 10,
      "success": 0,
      "avg_quality": [
        0.0,
        0.0,
        0.0,
        0.0,
        0.0,
        0.0,
        0.0,
        0.0,
        0.0,
        0.0
      ],
      "avg_duration": [
        0.014966,
        0.009116,
        0.007668,
        0.007067,
        0.006636,
        0.011563,
        0.008203,
        0.007429,
        0.006785,
        0.004574
      ],
      "success_rate": 0.0,
      "avg_quality_score": 0.0,
      "avg_duration_seconds": 0.0084007
    },
    "testing": {
      "total": 10,
      "success": 0,
      "avg_quality": [
        0.0,
        0.0,
        0.0,
        0.0,
        0.0,
        0.0,
        0.0,
        0.0,
        0.0,
        0.0
      ],
      "avg_duration": [
        0.009169,
        0.005823,
        0.005198,
        0.005336,
        0.004627,
        0.01278,
        0.007588,
        0.006495,
        0.005781,
        0.004982
      ],
      "success_rate": 0.0,
      "avg_quality_score": 0.0,
      "avg_duration_seconds": 0.006777899999999999
    },
    "documentation": {
      "total": 10,
      "success": 0,
      "avg_quality": [
        0.0,
        0.0,
        0.0,
        0.0,
        0.0,
        0.0,
        0.0,
        0.0,
        0.0,
        0.0
      ],
      "avg_duration": [
        0.014627,
        0.009143,
        0.005925,
        0.007084,
        0.006486,
        0.012718,
        0.00952,
        0.007829,
        0.007163,
        0.006497
      ],
      "success_rate": 0.0,
      "avg_quality_score": 0.0,
      "avg_duration_seconds": 0.0086992
    }
  },
  "agent_usage": {},
  "consensus_usage": {
    "none": 100
  }
}