{
  "summary": {
    "total_tasks": 100,
    "successful_tasks": 98,
    "failed_tasks": 2,
    "success_rate": 98.0,
    "avg_overall_score": 0.7653394283405964,
    "avg_quality_score": 0.7883485708514912,
    "avg_efficiency_score": 0.5,
    "avg_harmony_score": 1.0,
    "avg_duration_seconds": 0.01389897,
    "total_duration_seconds": 1.3898969999999997,
    "min_duration": 0.006996,
    "max_duration": 0.058292
  },
  "category_breakdown": {
    "coding_easy": {
      "total": 5,
      "success": 5,
      "avg_quality": [
        0.8351995591984769,
        0.8745500792839476,
        0.664397978817073,
        0.9061932448751834,
        0.7660439343178755
      ],
      "avg_duration": [
        0.042342,
        0.009269,
        0.008786,
        0.046324,
        0.008631
      ],
      "success_rate": 100.0,
      "avg_quality_score": 0.8092769592985112,
      "avg_duration_seconds": 0.023070399999999998
    },
    "coding_medium": {
      "total": 10,
      "success": 10,
      "avg_quality": [
        0.8857584735697477,
        0.8546071235002498,
        0.7844988245914677,
        0.9082507456856235,
        0.4460603763901581,
        0.8491813665695775,
        0.8804662615748309,
        0.9262822384340177,
        0.717931032132626,
        0.9036661359239475
      ],
      "avg_duration": [
        0.016454,
        0.013267,
        0.009411,
        0.011518,
        0.010065,
        0.019289,
        0.013298,
        0.011341,
        0.010279,
        0.007733
      ],
      "success_rate": 100.0,
      "avg_quality_score": 0.8156702578372246,
      "avg_duration_seconds": 0.0122655
    },
    "coding_hard": {
      "total": 10,
      "success": 8,
      "avg_quality": [
        0.9600200821297876,
        0.8942583910857281,
        0.782383288510496,
        0.7457627448633769,
        0.4813515647160026,
        0.9353264277286122,
        0.8285406954319545,
        0.7419195684986473,
        0.35680606667122783,
        0.3675644847375121
      ],
      "avg_duration": [
        0.019235,
        0.013061,
        0.015126,
        0.010082,
        0.012619,
        0.022142,
        0.012686,
        0.011539,
        0.010127,
        0.009565
      ],
      "success_rate": 80.0,
      "avg_quality_score": 0.7093933314373345,
      "avg_duration_seconds": 0.0136182
    },
    "debugging": {
      "total": 15,
      "success": 15,
      "avg_quality": [
        0.6658171028978924,
        0.7897228101773045,
        0.9319364690201637,
        0.5081945960659446,
        0.776412433875376,
        0.8489217235713077,
        0.874395149474955,
        0.9420417044945315,
        0.6826873628619217,
        0.6798903539149079,
        0.90347122947433,
        0.6369351155240031,
        0.6134712136942442,
        0.5921847383341226,
        0.7356606774658752
      ],
      "avg_duration": [
        0.020479,
        0.012397,
        0.010421,
        0.009155,
        0.008114,
        0.015203,
        0.013363,
        0.008405,
        0.008873,
        0.01132,
        0.020141,
        0.015163,
        0.009868,
        0.008819,
        0.008184
      ],
      "success_rate": 100.0,
      "avg_quality_score": 0.7454495120564586,
      "avg_duration_seconds": 0.011993666666666665
    },
    "architecture": {
      "total": 15,
      "success": 15,
      "avg_quality": [
        0.7924999947720266,
        0.7511640975338689,
        0.6998010951851849,
        0.9010838491407014,
        0.903314678203525,
        0.7266457310706194,
        0.857390367686112,
        0.6358220165283207,
        0.8432401194446788,
        0.7413819479834146,
        0.9740270816062592,
        0.8915707792654429,
        0.5123264269943888,
        0.6145839294081087,
        0.8096738687010449
      ],
      "avg_duration": [
        0.015954,
        0.011916,
        0.013627,
        0.009621,
        0.008163,
        0.019779,
        0.011576,
        0.009705,
        0.013576,
        0.008191,
        0.018316,
        0.011273,
        0.009612,
        0.012588,
        0.009551
      ],
      "success_rate": 100.0,
      "avg_quality_score": 0.7769683989015799,
      "avg_duration_seconds": 0.012229866666666667
    },
    "data_processing": {
      "total": 15,
      "success": 15,
      "avg_quality": [
        0.7648455075810917,
        0.9167326856874569,
        0.6528061793121338,
        0.8785929108923748,
        0.8523413587474169,
        0.7782996537156496,
        0.8957146927944443,
        0.830747127241381,
        0.8051621595043027,
        0.9531411205747808,
        0.9063538987288215,
        0.8602127794006605,
        0.9442974258467737,
        0.7331277264199426,
        0.7159178698119284
      ],
      "avg_duration": [
        0.01782,
        0.017158,
        0.011016,
        0.012554,
        0.011092,
        0.022197,
        0.013951,
        0.011547,
        0.012688,
        0.008058,
        0.018624,
        0.012944,
        0.058292,
        0.008698,
        0.006996
      ],
      "success_rate": 100.0,
      "avg_quality_score": 0.832552873083944,
      "avg_duration_seconds": 0.016242333333333334
    },
    "optimization": {
      "total": 10,
      "success": 10,
      "avg_quality": [
        0.47066048095915486,
        0.9022725136693465,
        0.9026051386669103,
        0.7954001088213034,
        0.5957877535876621,
        0.8888202239188979,
        0.9207449154501578,
        0.9595051420060007,
        0.8011555897648591,
        0.8380377421214871
      ],
      "avg_duration": [
        0.025258,
        0.013252,
        0.014163,
        0.010703,
        0.009481,
        0.025541,
        0.013315,
        0.011313,
        0.014413,
        0.008081
      ],
      "success_rate": 100.0,
      "avg_quality_score": 0.8074989608965779,
      "avg_duration_seconds": 0.014552
    },
    "testing": {
      "total": 10,
      "success": 10,
      "avg_quality": [
        0.6826329973894093,
        0.8572508933476943,
        0.6640869093659266,
        0.7002539429477461,
        0.8166584669688856,
        0.8702657703703537,
        0.9606551782803099,
        0.8402565992530472,
        0.8881016160525627,
        0.6690951410654291
      ],
      "avg_duration": [
        0.022716,
        0.010803,
        0.009676,
        0.008805,
        0.012657,
        0.019536,
        0.014169,
        0.009916,
        0.011033,
        0.009416
      ],
      "success_rate": 100.0,
      "avg_quality_score": 0.7949257515041365,
      "avg_duration_seconds": 0.0128727
    },
    "documentation": {
      "total": 10,
      "success": 10,
      "avg_quality": [
        0.7184218990248447,
        0.9386650019413363,
        0.9011674680687797,
        0.7414565239157477,
        0.8468743035827048,
        0.9018655797423274,
        0.8464507027250245,
        0.8312661865273441,
        0.627875260541694,
        0.8349845852042789
      ],
      "avg_duration": [
        0.020124,
        0.013365,
        0.012979,
        0.011058,
        0.011848,
        0.018714,
        0.01399,
        0.011603,
        0.010489,
        0.010303
      ],
      "success_rate": 100.0,
      "avg_quality_score": 0.8189027511274082,
      "avg_duration_seconds": 0.013447299999999999
    }
  },
  "agent_usage": {
    "coder": 77,
    "reviewer": 100,
    "documenter": 23,
    "architect": 52
  },
  "consensus_usage": {
    "voting": 100
  }
}